UMLClass,UMLEntity,UMLDescription,ConceptName,ConceptPreferredName,Classification,ConceptCode,ConceptDefinition,Source,HumanVerified
DNAcopyParameter,DNAcopyParameter,A class encapsulating smoothing and segmentation parameters for the caDNAcopy analytic service,Programming_Parameter,Programming Parameter,ObjectClass,C48913,A value that is passed to a routine.,NCI,Yes
DNAcopyParameter,changePointSignificanceLevel,Significance levels for the test to accept change-points.,Statistical_Significance,Statistical Significance,Property,C61040,"In statistics, a number that expresses the probability that the result of a given experiment or study could have occurred purely by chance. This number can be a margin of error or it can indicate a confidence level.",NCI,Yes
DNAcopyParameter,earlyStoppingCriterion,A probability sufficient to declare a segment change conditioned on the permuted statistic exceeding the observed statistic,Criteria,Criterion,Property,C25466,A basis for comparison; a standard by which a judgment could be established; a reference point against which other things can be evaluated.,NCI,Yes
DNAcopyParameter,permutationReplicates,Number of permutations used for p-value computation,Permutation,Permutation,Property,C64219,"A set of elements are rearranged or reindexed in various and different orders. In the rearrangement process, none of the elements are lost, added, or changed.",NCI,Yes
DNAcopyParameter,randomNumberSeed,Integer value to seed the random number generator at the start of the algorithm.,Random_Seed,Random Seed,Property,C64220,A number (or vector) used to generate random numbers in a system.,NCI,Yes
ExpressionData,ExpressionData,A class encapsulating expression values from a single sample in a DNA copy number experiment,Data,Data,ObjectClass,C25474,"A collection or single item of factual information, derived from measurement or research, from which conclusions may be drawn.",NCI,Yes
ExpressionData,logRatioValues,A vector of log ratio expression values from a a single sample in an array CGH or other copy number experiment. Each element corresponds to a marker at the corresponding chromosomeId and mapLocation of the DNAcopyAssays class,Log,Value,Property,C25712,A numerical quantity measured or assigned or computed.,NCI,Yes
ExpressionData,sampleId,A character string identifying the sample,Identifier,Identifier,Property,C25364,"One or more characters used to identify, name, or characterize the nature, properties, or contents of a thing.",NCI,Yes
DNAcopyAssays,DNAcopyAssays,A class encapsulating the input data collection of gene expression levels for use in the caDNAcopy analytic service,Bioassay_Class,Bioassay Class,ObjectClass,C42886,An abstract class which represents both physical and computational groupings of arrays and biomaterials.,NCI,Yes
DNAcopyAssays,chromsomeId,The chromosomal identifier associated with each marker,Identifier,Identifier,Property,C25364,"One or more characters used to identify, name, or characterize the nature, properties, or contents of a thing.",NCI,Yes
DNAcopyAssays,mapLocation,"The map location of each marker, coordinated wtih chromsomeId",Genomic_Feature_Physical_Location,Genomic Feature Physical Location,Property,C64389,The physical location on a specified chromosome of a feature or area of interest expressed as a base pair position.,NCI,Yes
DerivedDNACopySegment,DerivedDNACopySegment,Class encapsulating chromsomal segments identified by the caDNAcopy analtyic service,Segment,Segment,ObjectClass,C45312,One of the parts into which something naturally divides.,NCI,Yes
DerivedDNACopySegment,averageSegmentValue,The average copy number value characterizing segments,Copy_Number,Copy Number,Property,C49142,The number of molecules of a particular type on or in a cell or part of a cell. Usually applied to specific genes or to plasmids within a bacterium.,NCI,Yes
DerivedDNACopySegment,chromosomeIndex,The chromosome on which each segment is found,Index,Index,Property,C25390,"A numerical scale used to compare variables with one another or with some reference number; a number used to select an element of a list, vector, array or other sequence.",NCI,Yes
DerivedDNACopySegment,endMapPosition,The chromosomal location estimated to be the end of the segment,Position,Position,Property,C25339,The particular portion of space occupied by a physical object.,NCI,Yes
DerivedDNACopySegment,sampleId,The sample identification for the segment,Identifier,Identifier,Property,C25364,"One or more characters used to identify, name, or characterize the nature, properties, or contents of a thing.",NCI,Yes
DerivedDNACopySegment,startMapPosition,The chromosomal location indicating the beginning of the segment,Position,Position,Property,C25339,The particular portion of space occupied by a physical object.,NCI,Yes
MzAssays,MzAssays,Class encapsulating a collection of MzSpectrum,Container_Object,Container Object,ObjectClass,C43466,An object that holds the values or locations of other objects.,NCI,Yes
PROcessParameter,PROcessParameter,A class encapsulating parameters for the caPROcess analytic service,Programming_Parameter,Programming Parameter,ObjectClass,C48913,A value that is passed to a routine.,NCI,Yes
PROcessParameter,peakAreaRetention,"If area/max(area) > ratio, the peak is retained.",Retention,Retention,Property,C38016,The condition of remaining in a place or position or of holding within.,NCI,Yes
PROcessParameter,peakSignalToNoiseCutoff,Signal to noise ratio criterion for peak detection.,Cutoff,Cutoff,Property,C47877,A designated limit beyond which something cannot function or must be terminated.,NCI,Yes
PROcessParameter,peakSmoothingSpan,"Parameter for smoothing the spectrum before peak detection; default is 11 points, that is, 5 points to the left and right of a point being smoothed.",Interval,Interval,Property,C25543,"The period of time or the distance separating two instances, events, or occurrences.",NCI,Yes
PROcessParameter,peakVarianceDetectionSpan,"Parameter for estimating local variance before peak detection; default is 81 points, that is, 40 points to the left and right of a point of which the variance is being estimated.",Interval,Interval,Property,C25543,"The period of time or the distance separating two instances, events, or occurrences.",NCI,Yes
PROcessParameter,peakZeroCutoff,Ignore peaks whose intensity values are below this value.,Cutoff,Cutoff,Property,C47877,A designated limit beyond which something cannot function or must be terminated.,NCI,Yes
PROcessParameter,renormalizationCutoff,Portion of a spectrum below which values will be ignored. ,Cutoff,Cutoff,Property,C47877,A designated limit beyond which something cannot function or must be terminated.,NCI,Yes
MzSpectrum,MzSpectrum,Representation of Ciphergen SELDI-TOF spectrometry intensity data,Spectrum,Spectrum,ObjectClass,C63808,A charted band of wavelengths of electromagnetic vibrations.,NCI,Yes
MzSpectrum,intensity,Vector of intensities corresponding to M/Z values,Intensity,Intensity,Property,C25539,"The degree or magnitude of strength, energy, or feeling.",NCI,Yes
MzSpectrum,mzRatio,Vector of M/Z ratios,Mass-to-Charge_Ratio,Mass-to-Charge Ratio,Property,C48049,The abbreviation m/z is used to denote the dimensionless quantity formed by dividing the mass number of an ion by its charge number. It has long been called the mass-to-charge ratio although m is not the ionic mass nor is z a multiple or the elementary (electronic) charge e. (from IUPAC Compendium),NCI,Yes
MzSpectrum,spectrumName,Character identifier for spectrum,Name,Name,Property,C42614,The words or language units by which a thing is known.,NCI,Yes
PeakLocation,PeakLocation,Class encapsulating peak locations and intensities from SELDI-TOF processing,Location,Location,ObjectClass,C25341,"A position, site, or point in space where something can be found.",NCI,Yes
PeakLocation,peakNumberInSpectrum,"Peak sequential index after baseline removal, re-norming, and peak identification",Index,Index,Property,C25390,"A numerical scale used to compare variables with one another or with some reference number; a number used to select an element of a list, vector, array or other sequence.",NCI,Yes
PeakLocation,relativeIntensity,"Peak intensities following baseline removal, re-norming, and peak identification",Intensity,Intensity,Property,C25539,"The degree or magnitude of strength, energy, or feeling.",NCI,Yes
PeakLocation,spectrumId,Specturm identifiers for peaks detected after baseline removal and re-normalization,Identifier,Identifier,Property,C25364,"One or more characters used to identify, name, or characterize the nature, properties, or contents of a thing.",NCI,Yes
PeakLocation,spectrumName,Spectrum name of each peak identified after baseline removal and re-normalization,Name,Name,Property,C42614,The words or language units by which a thing is known.,NCI,Yes
PeakLocation,substanceMassAtIntensity,"The m/z ratio at the relative intensity peak, after background removal, re-norming, and peak identification",Mass-to-Charge_Ratio,Mass-to-Charge Ratio,Property,C48049,The abbreviation m/z is used to denote the dimensionless quantity formed by dividing the mass number of an ion by its charge number. It has long been called the mass-to-charge ratio although m is not the ionic mass nor is z a multiple or the elementary (electronic) charge e. (from IUPAC Compendium),NCI,Yes
